{"_runtime":56.6378538,"_step":9,"epoch":10,"avg_loss":0.11832042783498764,"best_loss":0.11832042783498764,"learning_rate":0.0001,"_timestamp":1.7435176807871294e+09,"_wandb":{"runtime":56}}