{"_timestamp":1.7435110727157774e+09,"_runtime":7.5018956,"_step":499,"episode":500,"_wandb":{"runtime":7},"score":15,"epsilon":0.08157186144027828,"avg_score_100":19.84}