{"learning_rate":0.0001,"_runtime":73.6392041,"score":10.8,"_step":9,"avg_loss":0.09967021159827709,"_timestamp":1.743618361719574e+09,"best_loss":0.09967021159827709,"_wandb":{"runtime":73},"epoch":10,"episode":10}