{"learning_rate":0.0001,"_timestamp":1.7435167264145818e+09,"_wandb":{"runtime":72},"_runtime":72.7135558,"_step":9,"epoch":10,"avg_loss":0.11708040302619338,"best_loss":0.11708040302619338}