{"_wandb":{"runtime":45},"_runtime":45.9864826,"_timestamp":1.7435144694261484e+09,"episode":271,"running_reward":475.5778079646981,"score":500,"avg_score_100":410.81,"loss":-5.697263717651367,"_step":270}