{"_wandb":{"runtime":5},"loss":0.6806863099336624,"_timestamp":1.7433694766236773e+09,"_runtime":5.4045142,"_step":9,"epoch":10}