{"_wandb":{"runtime":175},"actor_loss":-1.6850838804316481e-06,"running_reward":9.423206113046422,"_runtime":175.3350972,"critic_loss":0.24779176032898248,"avg_score_100":9.37,"_step":999,"episode":1000,"_timestamp":1.7435188293911102e+09,"score":10}