{"_wandb":{"runtime":65},"_runtime":65.8575363,"_step":9,"_timestamp":1.743618514526017e+09,"best_loss":0.11581517855326334,"learning_rate":0.0001,"score":9.6,"epoch":10,"episode":10,"avg_loss":0.11581517855326334}