{"learning_rate":0.0001,"avg_loss":0.10759941441938281,"episode":10,"_wandb":{"runtime":57},"epoch":10,"score":9,"best_loss":0.10759941441938281,"_runtime":57.2762956,"_timestamp":1.7435237041195185e+09,"_step":9}