{"best_loss":0.12336756627668034,"score":10,"_wandb":{"runtime":51},"learning_rate":0.0001,"episode":10,"epoch":10,"_step":9,"avg_loss":0.12911558015780014,"_timestamp":1.743522590358388e+09,"_runtime":51.8747589}