{"_timestamp":1.7435199302327619e+09,"_runtime":74.1269193,"_step":9,"epoch":10,"avg_loss":0.11892939092857498,"best_loss":0.11892939092857498,"_wandb":{"runtime":74},"learning_rate":0.0001}