{"epoch":10,"avg_loss":0.11190725809761456,"best_loss":0.11190725809761456,"learning_rate":0.0001,"_timestamp":1.74351842493301e+09,"_runtime":73.8864968,"_step":9,"_wandb":{"runtime":73}}