{"_timestamp":1.7436206859740615e+09,"score":10.4,"learning_rate":0.0001,"_step":9,"epoch":10,"best_loss":0.10733425161904758,"episode":10,"_runtime":70.2829705,"avg_loss":0.11378016653988096,"_wandb":{"runtime":70}}